player_name,position,projected_points,last_week_played,last_season_played,player_display_name,avg_last_3_games,snap_pct,recent_pass_attempts,recent_rush_attempts,injury_status,injury_multiplier,recent_targets,overall_rank,position_rank
C.McCaffrey,RB,28.392606735229492,9,2025,Christian McCaffrey,24.33333333333333,,,28.0,,1.0,6.0,1,1.0
L.Jackson,QB,24.522296905517578,9,2025,Lamar Jackson,21.99999999999999,,25.0,5.0,,1.0,,2,1.0
C.Williams,QB,23.80552101135254,9,2025,Caleb Williams,12.12,,37.0,5.0,,1.0,,3,2.0
J.Gibbs,RB,23.41086769104004,9,2025,Jahmyr Gibbs,20.23333333333333,,,9.0,,1.0,3.0,4,2.0
D.Adams,WR,22.81711769104004,9,2025,Davante Adams,16.066666666666663,,,0.0,,1.0,7.0,5,1.0
J.Herbert,QB,21.524124145507812,9,2025,Justin Herbert,23.98,,35.0,9.0,,1.0,,6,3.0
P.Mahomes,QB,21.44670295715332,9,2025,Patrick Mahomes,26.89333333333333,,38.0,1.0,,1.0,,7,4.0
B.Bowers,TE,21.300334930419922,9,2025,Brock Bowers,8.733333333333334,,,1.0,,1.0,13.0,8,1.0
J.Allen,QB,21.23944854736328,9,2025,Josh Allen,20.013333333333332,,29.0,6.0,,1.0,,9,5.0
J.Dart,QB,20.969619750976562,9,2025,Jaxson Dart,23.813333333333336,,35.0,8.0,,1.0,,10,6.0
D.Prescott,QB,20.808792114257812,9,2025,Rayne Prescott,17.406666666666666,,44.0,4.0,,1.0,,11,7.0
P.Nacua,WR,20.781064987182617,9,2025,Puka Nacua,21.766666666666666,,,1.0,,1.0,8.0,12,2.0
M.Stafford,QB,20.3201961517334,9,2025,John Stafford,22.093333333333334,,34.0,4.0,,1.0,,13,8.0
A.St. Brown,WR,20.12088394165039,9,2025,Amon-Ra St. Brown,17.433333333333326,,,0.0,,1.0,13.0,14,3.0
R.Rice,WR,19.893186569213867,9,2025,Rashee Rice,25.933333333333337,,,2.0,,1.0,7.0,15,4.0
D.Jones,QB,19.87000846862793,9,2025,Daniel Jones,21.860000000000003,,55.0,3.0,,1.0,,16,9.0
J.Goff,QB,19.311222076416016,9,2025,Jared Goff,17.093333333333334,,42.0,0.0,,1.0,,17,10.0
D.Maye,QB,19.09210205078125,9,2025,Drake Maye,24.866666666666664,,35.0,8.0,,1.0,,18,11.0
J.Hurts,QB,18.857177734375,8,2025,Jalen Hurts,21.386666666666667,,24.0,4.0,,1.0,,19,12.0
B.Mayfield,QB,18.69374656677246,8,2025,Baker Mayfield,18.473333333333336,,27.0,0.0,,1.0,,20,13.0
J.Flacco,QB,18.608476638793945,9,2025,Joseph Flacco,22.35333333333333,,51.0,1.0,,1.0,,21,14.0
J.Smith-Njigba,WR,18.538299560546875,9,2025,Jaxon Smith-Njigba,27.9,,,1.0,,1.0,9.0,22,5.0
A.Rodgers,QB,18.495262145996094,9,2025,Aaron Rodgers,18.940000000000005,,38.0,2.0,,1.0,,23,15.0
J.Love,QB,18.293394088745117,9,2025,Jordan Love,18.206666666666667,,38.0,1.0,,1.0,,24,16.0
Q.Johnston,WR,18.22399139404297,9,2025,Quentin Johnston,14.566666666666668,,,0.0,,1.0,6.0,25,6.0
S.Darnold,QB,18.005029678344727,9,2025,Sam Darnold,19.42,,24.0,0.0,,1.0,,26,17.0
D.Achane,RB,17.657630920410156,9,2025,Devon Achane,21.3,,,14.0,,1.0,10.0,27,3.0
D.Henry,RB,17.481782913208008,9,2025,Derrick Henry,14.133333333333336,,,19.0,,1.0,1.0,28,4.0
S.Barkley,RB,17.393476486206055,8,2025,Saquon Barkley,10.56666666666667,,,14.0,,1.0,5.0,29,5.0
J.Addison,WR,17.012615203857422,9,2025,Jordan Addison,16.166666666666664,,,1.0,,1.0,4.0,30,7.0
B.Hall,RB,16.744413375854492,8,2025,Breece Hall,10.866666666666667,,,18.0,,1.0,3.0,31,6.0
J.Jacobs,RB,16.70475959777832,9,2025,Joshua Jacobs,21.433333333333334,,,17.0,,1.0,5.0,32,7.0
J.Taylor,RB,16.563180923461914,9,2025,Jonathan Taylor,31.76666666666667,,,14.0,,1.0,2.0,33,8.0
K.Williams,RB,16.499340057373047,9,2025,Kyren Williams,19.433333333333334,,,25.0,,1.0,0.0,34,9.0
K.Vidal,RB,16.46332550048828,9,2025,Kimani Vidal,16.666666666666668,,,12.0,,1.0,1.0,35,10.0
T.Lawrence,QB,16.455419540405273,9,2025,Trevor Lawrence,21.7,,35.0,9.0,,1.0,,36,18.0
J.Ferguson,TE,15.878074645996094,9,2025,Jake Ferguson,11.4,,,0.0,,1.0,7.0,37,2.0
M.Penix,QB,15.863580703735352,9,2025,Michael Penix,15.853333333333332,,38.0,2.0,,1.0,,38,19.0
J.Fields,QB,15.825623512268066,8,2025,Justin Fields,10.286666666666669,,33.0,12.0,,1.0,,39,20.0
D.London,WR,15.720640182495117,9,2025,Drake London,21.66666666666667,,,0.0,,1.0,14.0,40,8.0
C.Olave,WR,15.629888534545898,9,2025,Chris Olave,18.866666666666664,,,0.0,,1.0,4.0,41,9.0
J.Jefferson,WR,15.453238487243652,9,2025,Justin Jefferson,15.533333333333337,,,0.0,,1.0,9.0,42,10.0
M.Jones,QB,15.21645736694336,9,2025,Michael Jones,10.793333333333331,,26.0,4.0,,1.0,,43,21.0
C.Ward,QB,14.862237930297852,9,2025,Cameron Ward,11.946666666666667,,25.0,2.0,,1.0,,44,22.0
J.Williams,RB,14.723528480529785,9,2025,Javonte Williams,15.033333333333331,,,15.0,Questionable,0.9,1.0,45,11.0
T.Tagovailoa,QB,14.676615715026855,9,2025,Tua Tagovailoa,9.8,,42.0,1.0,,1.0,,46,23.0
J.Chase,WR,14.45096206665039,9,2025,Ja'Marr Chase,28.099999999999994,,,0.0,,1.0,8.0,47,11.0
D.Swift,RB,14.165156936645507,8,2025,D'Andre Swift,20.76666666666667,,,11.0,Questionable,0.9,2.0,48,12.0
J.Cook,RB,13.83383560180664,9,2025,James Cook,15.733333333333334,,,27.0,,1.0,1.0,49,13.0
B.Robinson,RB,13.74668025970459,9,2025,Bijan Robinson,21.6,,,12.0,,1.0,10.0,50,14.0
S.Rattler,QB,13.740843772888184,8,2025,Spencer Rattler,13.233333333333334,,24.0,3.0,,1.0,,51,24.0
J.McCarthy,QB,13.698188781738281,9,2025,Jonathan McCarthy,12.52,,30.0,9.0,,1.0,,52,25.0
C.Brown,RB,13.686817169189453,9,2025,Chase Brown,14.8,,,11.0,,1.0,14.0,53,15.0
K.Cousins,QB,13.577219009399414,8,2025,Kirk Cousins,5.800000000000004,,32.0,2.0,,1.0,,54,26.0
S.Diggs,WR,13.560447692871094,9,2025,Stefon Diggs,10.033333333333331,,,0.0,,1.0,4.0,55,12.0
D.Njoku,TE,13.549409866333008,8,2025,David Njoku,9.200000000000005,,,0.0,,1.0,5.0,56,3.0
A.Pierce,WR,13.517260551452637,9,2025,Alec Pierce,10.166666666666668,,,0.0,,1.0,13.0,57,13.0
J.Downs,WR,13.445941925048828,9,2025,Joshua Downs,13.5,,,0.0,,1.0,9.0,58,14.0
M.Andrews,TE,13.38956069946289,9,2025,Mark Andrews,5.733333333333337,,,2.0,,1.0,3.0,59,4.0
K.Allen,WR,13.341621398925781,9,2025,Keenan Allen,14.666666666666666,,,0.0,,1.0,5.0,60,15.0
M.Pittman,WR,13.331854820251465,9,2025,Michael Pittman,15.433333333333335,,,0.0,,1.0,12.0,61,16.0
J.Meyers,WR,13.324637413024902,9,2025,Jakobi Meyers,7.366666666666668,,,0.0,,1.0,6.0,62,17.0
T.Etienne,RB,13.246482849121094,9,2025,Travis Etienne,8.266666666666662,,,22.0,,1.0,5.0,63,16.0
R.Doubs,WR,13.226054191589355,9,2025,Romeo Doubs,10.366666666666667,,,0.0,,1.0,10.0,64,18.0
G.Smith,QB,13.182733726501466,9,2025,Eugene Smith,5.786666666666665,,42.0,5.0,Questionable,0.9,,65,27.0
D.Montgomery,RB,13.176410675048828,9,2025,David Montgomery,10.740000000000002,,,11.0,,1.0,4.0,66,17.0
J.Waddle,WR,13.073742866516113,9,2025,Jaylen Waddle,13.073333333333329,,,0.0,,1.0,9.0,67,19.0
T.McBride,TE,12.966880798339844,9,2025,Trey McBride,19.899999999999995,,,0.0,,1.0,9.0,68,5.0
Z.Flowers,WR,12.9390230178833,9,2025,Xavien Flowers,12.300000000000002,,,0.0,,1.0,5.0,69,20.0
D.Smith,WR,12.932426452636719,8,2025,DeVonta Smith,20.53333333333333,,,0.0,,1.0,9.0,70,21.0
T.Warren,TE,12.92401123046875,9,2025,Tyler Warren,14.833333333333334,,,0.0,,1.0,7.0,71,6.0
W.Robinson,WR,12.889799118041992,9,2025,Charles Robinson,14.566666666666665,,,0.0,,1.0,11.0,72,22.0
R.Shaheed,WR,12.874724388122559,9,2025,Rashid Shaheed,10.433333333333334,,,0.0,,1.0,9.0,73,23.0
E.Egbuka,WR,12.791403770446777,8,2025,Emeka Egbuka,14.5,,,0.0,,1.0,9.0,74,24.0
R.Odunze,WR,12.741271018981934,9,2025,Rome Odunze,9.566666666666666,,,0.0,,1.0,3.0,75,25.0
A.Jeanty,RB,12.709518432617188,9,2025,Ashton Jeanty,12.300000000000002,,,13.0,,1.0,5.0,76,18.0
R.Dowdle,RB,12.658121109008789,9,2025,Rico Dowdle,16.633333333333336,,,25.0,,1.0,3.0,77,19.0
N.Collins,WR,12.548979759216309,9,2025,Nico Collins,11.533333333333331,,,0.0,,1.0,11.0,78,26.0
R.White,RB,12.373072624206543,8,2025,Rachaad White,16.36666666666667,,,13.0,,1.0,2.0,79,20.0
N.Fant,TE,11.909972190856934,9,2025,Noah Fant,9.4,,,0.0,,1.0,3.0,80,7.0
M.Mariota,QB,11.890301704406738,8,2025,Marcus Mariota,13.480000000000004,,32.0,8.0,,1.0,,81,28.0
K.Pitts,TE,11.852296829223633,9,2025,Kyle Pitts,10.966666666666669,,,0.0,,1.0,7.0,82,8.0
L.McConkey,WR,11.791555404663086,9,2025,Andrew McConkey,19.83333333333333,,,0.0,,1.0,6.0,83,27.0
G.Kittle,TE,11.711799621582031,9,2025,George Kittle,8.933333333333332,,,1.0,,1.0,4.0,84,9.0
N.Folk,K,11.59911060333252,8,2025,,7.0,,,,,1.0,,85,1.0
J.Dobbins,RB,11.510816287994386,9,2025,Jkaylin Dobbins,9.033333333333331,,,15.0,Questionable,0.9,1.0,86,21.0
K.Bourne,WR,11.393169403076172,9,2025,Kendrick Bourne,10.000000000000002,,,0.0,,1.0,2.0,87,28.0
C.Otton,TE,11.340485572814941,8,2025,Cade Otton,11.9,,,0.0,,1.0,5.0,88,10.0
M.Harrison,WR,11.184954643249512,9,2025,Marvin Harrison,8.933333333333334,,,0.0,,1.0,10.0,89,29.0
T.Higgins,WR,11.1412353515625,9,2025,Tamaurice Higgins,14.733333333333336,,,0.0,,1.0,10.0,90,30.0
D.Gabriel,QB,11.002556800842285,8,2025,Dillon Gabriel,10.26,,37.0,1.0,,1.0,,91,29.0
B.Nix,QB,10.835321426391602,9,2025,Bo Nix,24.366666666666664,,39.0,3.0,,1.0,,92,30.0
D.Goedert,TE,10.747771263122559,8,2025,Dallas Goedert,13.9,,,0.0,,1.0,3.0,93,11.0
B.Young,QB,10.71235179901123,9,2025,Bryce Young,14.333333333333329,,21.0,2.0,,1.0,,94,31.0
J.Elliott,K,10.643436431884766,8,2025,,4.666666666666667,,,,,1.0,,95,2.0
M.Badgley,K,10.629326820373535,9,2025,,7.0,,,,,1.0,,96,3.0
J.Brissett,QB,10.44752025604248,9,2025,Jacoby Brissett,14.153333333333334,,36.0,5.0,,1.0,,97,32.0
T.Tucker,WR,10.435677528381348,9,2025,Tre Tucker,10.466666666666669,,,0.0,,1.0,4.0,98,31.0
J.Jennings,WR,10.343110084533691,9,2025,Bennie Jennings,5.766666666666668,,,0.0,,1.0,5.0,99,32.0
J.Warren,RB,10.256752014160156,9,2025,Jaylen Warren,12.466666666666663,,,16.0,,1.0,2.0,100,22.0
D.Metcalf,WR,10.235333442687988,9,2025,DeKaylin Metcalf,14.666666666666666,,,0.0,,1.0,4.0,101,33.0
K.Shakir,WR,10.20572566986084,9,2025,Khalil Shakir,12.700000000000005,,,0.0,,1.0,8.0,102,34.0
T.Franklin,WR,10.196422576904297,9,2025,Troy Franklin,14.3,,,2.0,,1.0,11.0,103,35.0
J.Johnson,TE,10.158596992492676,9,2025,Juwan Johnson,8.9,,,0.0,,1.0,4.0,104,12.0
Z.Ertz,TE,10.093326568603516,9,2025,Zachary Ertz,11.533333333333331,,,0.0,,1.0,4.0,105,13.0
J.Mason,RB,10.068424224853516,9,2025,Jordan Mason,9.3,,,10.0,,1.0,1.0,106,23.0
T.Huntley,QB,10.05078125,8,2025,Tyler Huntley,13.166666666666666,,24.0,8.0,,1.0,,107,33.0
J.Myers,K,10.049856185913086,9,2025,,7.333333333333333,,,,,1.0,,108,4.0
G.Pickens,WR,10.02669620513916,9,2025,George Pickens,19.6,,,0.0,,1.0,9.0,109,36.0
C.Watson,WR,9.928354167938233,9,2025,Christian Watson,4.933333333333333,,,0.0,Questionable,0.9,4.0,110,37.0
D.Schultz,TE,9.905850410461426,9,2025,Dalton Schultz,11.4,,,0.0,,1.0,8.0,111,14.0
C.Loveland,TE,9.901330947875977,9,2025,Colston Loveland,5.1000000000000005,,,0.0,,1.0,8.0,112,15.0
A.Barner,TE,9.83787660598755,9,2025,A.J. Barner,12.1,,,1.0,Questionable,0.9,4.0,113,16.0
Q.Judkins,RB,9.824609756469727,8,2025,Quinshon Judkins,14.6,,,9.0,,1.0,3.0,114,24.0
H.Fannin,TE,9.824016666412353,8,2025,Harold Fannin,11.333333333333334,,,1.0,Questionable,0.9,9.0,115,17.0
M.Brown,WR,9.76895523071289,9,2025,Marquise Brown,9.966666666666669,,,0.0,,1.0,4.0,116,38.0
T.Kelce,TE,9.737278938293457,9,2025,Travis Kelce,14.699999999999998,,,0.0,,1.0,6.0,117,18.0
B.McManus,K,9.687249183654785,9,2025,,7.666666666666667,,,,,1.0,,118,5.0
C.Sutton,WR,9.631231307983398,9,2025,Courtland Sutton,9.366666666666664,,,0.0,,1.0,6.0,119,39.0
C.Hubbard,RB,9.385998725891113,9,2025,Chuba Hubbard,8.93333333333333,,,5.0,,1.0,1.0,120,25.0
K.Monangai,RB,9.151122093200684,9,2025,Kyle Monangai,8.399999999999999,,,26.0,,1.0,5.0,121,26.0
T.Pollard,RB,9.074029922485352,9,2025,Tony Pollard,8.366666666666665,,,10.0,,1.0,2.0,122,27.0
M.Washington,WR,9.00790023803711,9,2025,Malik Washington,9.3,,,3.0,,1.0,3.0,123,40.0
C.McLaughlin,K,8.961978912353516,8,2025,,7.0,,,,,1.0,,124,6.0
T.Johnson,TE,8.941682815551758,9,2025,Theodore Johnson,8.433333333333332,,,0.0,,1.0,6.0,125,19.0
T.Tracy,RB,8.827670097351074,9,2025,Tyrone Tracy,6.166666666666667,,,5.0,,1.0,4.0,126,28.0
P.Freiermuth,TE,8.824773788452148,9,2025,Pat Freiermuth,11.5,,,0.0,,1.0,4.0,127,20.0
D.Samuel,WR,8.778034210205078,9,2025,Tyshun Samuel,11.06666666666667,,,1.0,,1.0,6.0,128,41.0
C.Ryland,K,8.764758110046387,9,2025,,7.666666666666667,,,,,1.0,,129,7.0
T.Hockenson,TE,8.75678825378418,9,2025,Thomas Hockenson,8.233333333333333,,,0.0,,1.0,3.0,130,21.0
O.Zaccheaus,WR,8.723532676696777,9,2025,Olamide Zaccheaus,6.000000000000001,,,0.0,,1.0,8.0,131,42.0
N.Chubb,RB,8.713936805725098,9,2025,Nicholas Chubb,7.700000000000003,,,11.0,,1.0,0.0,132,29.0
X.Worthy,WR,8.702131271362305,9,2025,Xavier Worthy,9.566666666666666,,,1.0,,1.0,7.0,133,43.0
B.Aubrey,K,8.685452461242676,9,2025,,9.666666666666666,,,,,1.0,,134,8.0
A.Borregales,K,8.682013511657715,9,2025,,8.0,,,,,1.0,,135,9.0
Z.Charbonnet,RB,8.659595489501953,9,2025,Zach Charbonnet,11.999999999999998,,,8.0,,1.0,1.0,136,30.0
T.Thornton,WR,8.583709716796875,9,2025,Tyquan Thornton,8.333333333333334,,,0.0,,1.0,1.0,137,44.0
E.Pineiro,K,8.579883575439453,9,2025,,7.333333333333333,,,,,1.0,,138,10.0
A.Dalton,QB,8.57618236541748,8,2025,Andrew Dalton,2.806666666666672,,31.0,2.0,,1.0,,139,34.0
J.Smith,TE,8.459759712219238,9,2025,Jonnu Smith,7.099999999999995,,,0.0,,1.0,5.0,140,22.0
M.Wright,K,8.440935134887695,8,2025,,5.666666666666667,,,,,1.0,,141,11.0
X.Legette,WR,8.430702209472656,9,2025,Xavier Legette,10.333333333333334,,,0.0,,1.0,3.0,142,45.0
C.Lamb,WR,8.423856735229492,9,2025,Cedarian Lamb,18.933333333333334,,,0.0,,1.0,12.0,143,46.0
S.LaPorta,TE,8.397503852844238,9,2025,Sam LaPorta,13.733333333333334,,,0.0,,1.0,8.0,144,23.0
J.Croskey-Merritt,RB,8.379124641418457,9,2025,Jacory Croskey-Merritt,4.833333333333333,,,12.0,,1.0,1.0,145,31.0
K.Coleman,WR,8.3480806350708,9,2025,Keon Coleman,7.466666666666666,,,0.0,,1.0,2.0,146,47.0
C.Santos,K,8.342726707458496,9,2025,,10.0,,,,,1.0,,147,12.0
R.Patterson,K,8.329741477966309,9,2025,,8.333333333333334,,,,,1.0,,148,13.0
A.Kamara,RB,8.32140884399414,9,2025,Alvin Kamara,8.33333333333333,,,6.0,Questionable,0.9,3.0,149,32.0
K.Walker,RB,8.185009956359863,9,2025,Kenneth Walker,6.966666666666666,,,11.0,,1.0,2.0,150,33.0
B.Brown,RB,8.10325813293457,9,2025,Brittain Brown,,,,5.0,,1.0,1.0,151,34.0
J.Smith-Schuster,WR,8.005121231079102,9,2025,John Smith-Schuster,6.700000000000002,,,0.0,,1.0,1.0,152,48.0
A.Thielen,WR,7.965747356414795,8,2025,Adam Thielen,1.700000000000001,,,0.0,,1.0,2.0,153,49.0
E.Ayomanor,WR,7.842778205871582,9,2025,Elic Ayomanor,6.6000000000000005,,,0.0,,1.0,6.0,154,50.0
J.Patterson,RB,7.8286542892456055,9,2025,Jaret Patterson,5.433333333333334,,,9.0,,1.0,0.0,155,35.0
T.McMillan,WR,7.825924587249756,9,2025,Tetairoa McMillan,13.699999999999998,,,0.0,Questionable,0.9,6.0,156,51.0
O.Gadsden,TE,7.664634704589844,9,2025,Oronde Gadsden,20.633333333333333,,,0.0,,1.0,5.0,157,24.0
A.Iosivas,WR,7.659176349639893,9,2025,Andrei Iosivas,3.133333333333334,,,1.0,,1.0,7.0,158,52.0
K.Gainwell,RB,7.647057056427002,9,2025,Kenneth Gainwell,6.2,,,3.0,,1.0,5.0,159,36.0
P.Washington,WR,7.645301342010498,9,2025,Christopher Washington,8.233333333333333,,,0.0,,1.0,9.0,160,53.0
C.Okonkwo,TE,7.635719299316406,9,2025,Chigoziem Okonkwo,6.633333333333333,,,0.0,,1.0,2.0,161,25.0
T.Higbee,TE,7.635519504547119,9,2025,Tyler Higbee,7.800000000000002,,,0.0,,1.0,4.0,162,26.0
I.Likely,TE,7.594552516937256,9,2025,Isaiah Likely,2.533333333333333,,,0.0,,1.0,4.0,163,27.0
B.Grupe,K,7.5597333908081055,9,2025,,6.0,,,,,1.0,,164,14.0
T.Loop,K,7.536114692687988,9,2025,,6.333333333333333,,,,,1.0,,165,15.0
D.Kincaid,TE,7.5172834396362305,9,2025,Dalton Kincaid,9.966666666666669,,,0.0,,1.0,6.0,166,28.0
S.Shepard,WR,7.516794204711914,8,2025,Sterling Shepard,9.499999999999998,,,0.0,,1.0,2.0,167,54.0
M.Tipton,WR,7.484722137451172,8,2025,Mason Tipton,0.0,,,0.0,,1.0,1.0,168,55.0
K.Hunt,RB,7.470078945159912,9,2025,Kareem Hunt,7.799999999999998,,,11.0,,1.0,2.0,169,37.0
J.Bates,K,7.449499130249023,9,2025,,5.333333333333333,,,,,1.0,,170,16.0
C.Austin,WR,7.419736862182617,9,2025,Calvin Austin,7.500000000000003,,,0.0,,1.0,6.0,171,56.0
D.Slayton,WR,7.389246940612793,9,2025,Darius Slayton,6.033333333333329,,,0.0,,1.0,7.0,172,57.0
C.Little,K,7.367897033691406,9,2025,,2.6666666666666665,,,,,1.0,,173,17.0
C.Kmet,TE,7.362997055053711,9,2025,Cole Kmet,3.733333333333333,,,0.0,,1.0,2.0,174,29.0
R.Fitzgerald,K,7.32602596282959,9,2025,,7.333333333333333,,,,,1.0,,175,18.0
H.Butker,K,7.324372291564941,9,2025,,5.666666666666667,,,,,1.0,,176,19.0
O.Gordon,RB,7.279922962188721,9,2025,Ollie Gordon,5.7,,,2.0,Questionable,0.9,1.0,177,38.0
J.McNichols,RB,7.1875834465026855,9,2025,Jeremy McNichols,8.266666666666664,,,1.0,,1.0,0.0,178,39.0
C.Dicker,K,7.1683549880981445,9,2025,,12.0,,,,,1.0,,179,20.0
E.McPherson,K,7.144004821777344,9,2025,,9.0,,,,,1.0,,180,21.0
J.Coker,WR,7.135564804077148,9,2025,Jalen Coker,6.853333333333334,,,0.0,,1.0,1.0,181,58.0
W.Reichard,K,7.086607456207275,9,2025,,7.666666666666667,,,,,1.0,,182,22.0
A.Jones,RB,7.086152887344361,9,2025,Aaron Jones,7.666666666666668,,,9.0,Questionable,0.9,2.0,183,40.0
M.Gay,K,7.03880500793457,9,2025,,5.666666666666667,,,,,1.0,,184,23.0
B.Cooks,WR,7.036002159118652,9,2025,Brandin Cooks,3.199999999999998,,,0.0,,1.0,3.0,185,59.0
D.Hopkins,WR,7.014938831329346,9,2025,DeAndre Hopkins,4.333333333333339,,,0.0,,1.0,1.0,186,60.0
C.Wilson,WR,7.000124454498291,9,2025,Cedrick Wilson,3.7,,,0.0,,1.0,1.0,187,61.0
T.Spears,RB,6.982351303100586,9,2025,Tyjae Spears,11.066666666666668,,,7.0,,1.0,3.0,188,41.0
T.Shough,QB,6.973902702331543,9,2025,Tyler Shough,2.16,,25.0,1.0,,1.0,,189,35.0
J.Dotson,WR,6.954834461212158,8,2025,Jahan Dotson,2.6,,,0.0,,1.0,2.0,190,62.0
R.Wilson,WR,6.935525417327881,9,2025,Roman Wilson,7.766666666666666,,,0.0,,1.0,2.0,191,63.0
N.Westbrook-Ikhine,WR,6.927533149719238,9,2025,Nicholas Westbrook-Ikhine,2.466666666666668,,,0.0,,1.0,4.0,192,64.0
E.Engram,TE,6.9185404777526855,9,2025,Evan Engram,8.899999999999999,,,0.0,,1.0,3.0,193,30.0
B.Corum,RB,6.846652507781982,9,2025,Blake Corum,2.966666666666667,,,13.0,,1.0,0.0,194,42.0
W.Marks,RB,6.844836711883545,9,2025,Jo'Quavious Marks,10.0,,,10.0,,1.0,3.0,195,43.0
Z.Scott,RB,6.841147422790527,8,2025,Zavier Scott,6.599999999999999,,,2.0,,1.0,2.0,196,44.0
B.Smith,RB,6.7826337814331055,9,2025,Brashard Smith,6.333333333333333,,,3.0,,1.0,1.0,197,45.0
J.Williams,WR,6.777880668640137,9,2025,Jameson Williams,6.866666666666667,,,0.0,,1.0,6.0,198,65.0
J.Jeudy,WR,6.654502868652344,8,2025,Jerry Jeudy,5.5,,,0.0,,1.0,2.0,199,66.0
J.Nailor,WR,6.6227803230285645,9,2025,Jalen Nailor,4.300000000000001,,,0.0,,1.0,4.0,200,67.0
J.Ford,RB,6.537910461425781,8,2025,Jerome Ford,5.600000000000001,,,0.0,,1.0,2.0,201,46.0
B.Wright,TE,6.505807399749756,9,2025,Brock Wright,8.666666666666666,,,0.0,,1.0,1.0,202,31.0
J.Karty,K,6.503095626831055,9,2025,,5.0,,,,,1.0,,203,24.0
R.McCloud,WR,6.479979515075684,9,2025,Ray-Ray McCloud,1.433333333333333,,,0.0,,1.0,1.0,204,68.0
G.Dulcich,TE,6.463137626647949,9,2025,Greg Dulcich,2.6,,,0.0,,1.0,5.0,205,32.0
C.Dike,WR,6.449966907501221,9,2025,Chimere Dike,12.033333333333331,,,0.0,,1.0,3.0,206,69.0
C.Kirk,WR,6.442131042480469,9,2025,Christian Kirk,6.966666666666666,,,0.0,,1.0,8.0,207,70.0
M.Prater,K,6.439090728759766,9,2025,,6.666666666666667,,,,,1.0,,208,25.0
J.Romo,K,6.396870136260986,9,2025,,4.666666666666667,,,,,1.0,,209,26.0
J.Wayne,WR,6.386693000793457,8,2025,Jared Wayne,,,,0.0,,1.0,2.0,210,71.0
D.Mooney,WR,6.336178302764893,9,2025,Darnell Mooney,4.800000000000002,,,0.0,,1.0,2.0,211,72.0
T.Lockett,WR,6.334734916687012,9,2025,Tyler Lockett,2.133333333333336,,,0.0,,1.0,2.0,212,73.0
D.Mills,QB,6.312524795532227,9,2025,Davis Mills,2.546666666666667,,32.0,2.0,,1.0,,213,36.0
T.Henderson,RB,6.3005290031433105,9,2025,TreVeyon Henderson,4.199999999999999,,,14.0,,1.0,6.0,214,47.0
M.Mayer,TE,6.2964701652526855,9,2025,Michael Mayer,6.000000000000001,,,0.0,,1.0,7.0,215,33.0
T.Shavers,WR,6.245415687561035,9,2025,Tyrell Shavers,3.366666666666667,,,0.0,,1.0,1.0,216,74.0
L.Burden,WR,6.198555946350098,8,2025,Luther Burden,4.6,,,0.0,,1.0,1.0,217,75.0
W.Lutz,K,6.158820629119873,9,2025,,6.666666666666667,,,,,1.0,,218,27.0
A.Abdullah,RB,6.1337738037109375,9,2025,Ameer Abdullah,2.7,,,1.0,,1.0,1.0,219,48.0
D.Brown,WR,6.069446563720703,9,2025,Dyami Brown,4.833333333333335,,,1.0,,1.0,7.0,220,76.0
D.Carlson,K,6.042259216308594,9,2025,,6.666666666666667,,,,,1.0,,221,28.0
J.Hill,RB,5.990594387054443,9,2025,Justice Hill,3.9333333333333313,,,1.0,,1.0,2.0,222,49.0
M.Hollins,WR,5.928758144378662,9,2025,Mack Hollins,9.333333333333334,,,0.0,,1.0,2.0,223,77.0
R.Flournoy,WR,5.913827419281006,9,2025,Ryan Flournoy,8.799999999999999,,,0.0,,1.0,2.0,224,78.0
D.Robinson,WR,5.835057258605957,9,2025,Demarcus Robinson,2.966666666666668,,,0.0,,1.0,1.0,225,79.0
M.Alie-Cox,TE,5.729798793792725,9,2025,Mo Alie-Cox,1.999999999999999,,,0.0,,1.0,1.0,226,34.0
I.Davis,RB,5.724444389343262,8,2025,Isaiah Davis,4.2,,,7.0,,1.0,6.0,227,50.0
C.Parkinson,TE,5.718705654144287,9,2025,Colby Parkinson,3.8,,,0.0,,1.0,2.0,228,35.0
A.Beck,RB,5.682994842529297,8,2025,Andrew Beck,4.35,,,0.0,,1.0,1.0,229,51.0
I.Williams,WR,5.664815902709961,8,2025,Isaiah Williams,2.6,,,1.0,,1.0,4.0,230,80.0
K.Mitchell,RB,5.638503551483154,9,2025,Keaton Mitchell,2.533333333333333,,,4.0,,1.0,1.0,231,52.0
T.Johnson,WR,5.638185501098633,8,2025,Tez Johnson,12.4,,,0.0,,1.0,6.0,232,81.0
E.Higgins,TE,5.610892295837402,9,2025,Elijah Higgins,3.233333333333333,,,0.0,,1.0,3.0,233,36.0
S.Matlock,RB,5.557312488555908,9,2025,Scott Matlock,1.1,,,0.0,,1.0,1.0,234,53.0
E.Wilson,RB,5.5426344871521,9,2025,Emanuel Wilson,5.299999999999999,,,6.0,,1.0,2.0,235,54.0
D.Washington,TE,5.5272040367126465,9,2025,Darnell Washington,7.8,,,0.0,,1.0,6.0,236,37.0
R.Harvey,RB,5.5130181312561035,9,2025,Robert Harvey,12.6,,,2.0,,1.0,5.0,237,55.0
N.Carter,RB,5.503842830657959,8,2025,Nate Carter,4.6000000000000005,,,2.0,,1.0,0.0,238,56.0
T.Bigsby,RB,5.421632766723633,8,2025,Cartavious Bigsby,4.799999999999998,,,9.0,,1.0,0.0,239,57.0
J.Slye,K,5.4150071144104,9,2025,,6.333333333333333,,,,,1.0,,240,29.0
Mi.Wilson,WR,5.410974979400635,9,2025,Michael Wilson,6.333333333333333,,,0.0,,1.0,4.0,241,82.0
D.Bellinger,TE,5.374505043029785,8,2025,Daniel Bellinger,9.766666666666667,,,0.0,,1.0,1.0,242,38.0
C.Boswell,K,5.350131034851074,9,2025,,10.333333333333334,,,,,1.0,,243,30.0
E.Arroyo,TE,5.335542678833008,9,2025,Elijah Arroyo,3.933333333333333,,,0.0,,1.0,2.0,244,39.0
T.Washington,WR,5.332271099090576,9,2025,Tahj Washington,0.8,,,0.0,,1.0,2.0,245,83.0
T.Conner,TE,5.272622108459473,9,2025,Tanner Conner,2.733333333333334,,,0.0,,1.0,1.0,246,40.0
J.Lane,WR,5.266624927520752,9,2025,Jaylin Lane,5.133333333333334,,,0.0,,1.0,5.0,247,84.0
R.Bateman,WR,5.189271450042725,9,2025,Rashod Bateman,2.966666666666668,,,0.0,,1.0,4.0,248,85.0
A.Ogletree,TE,5.173454761505127,8,2025,Andrew Ogletree,2.1,,,0.0,,1.0,1.0,249,41.0
N.Gray,TE,5.140986442565918,9,2025,Noah Gray,4.2,,,0.0,,1.0,1.0,250,42.0
K.Turpin,WR,4.99302339553833,9,2025,Kavontae Turpin,3.3000000000000003,,,1.0,,1.0,3.0,251,86.0
L.Schoonmaker,TE,4.977078914642334,9,2025,Luke Schoonmaker,2.5333333333333337,,,0.0,,1.0,2.0,252,43.0
H.Henry,TE,4.964483737945557,9,2025,Hunter Henry,6.9,,,0.0,,1.0,6.0,253,44.0
Z.Knight,RB,4.958247184753418,9,2025,Zonovan Knight,10.4,,,9.0,,1.0,2.0,254,58.0
J.Tonges,TE,4.905227184295654,8,2025,Jake Tonges,14.566666666666668,,,0.0,,1.0,1.0,255,45.0
I.Thomas,TE,4.870177745819092,9,2025,Ian Thomas,2.5666666666666664,,,0.0,,1.0,1.0,256,46.0
J.Watkins,WR,4.8460822105407715,9,2025,Jordan Watkins,1.7000000000000002,,,0.0,,1.0,1.0,257,87.0
T.Jennings,RB,4.811014652252197,9,2025,Terrell Jennings,1.7666666666666668,,,11.0,,1.0,1.0,258,59.0
M.Taylor,TE,4.801904678344727,8,2025,Mason Taylor,7.666666666666667,,,0.0,,1.0,8.0,259,47.0
K.Juszczyk,RB,4.795984268188477,9,2025,Kyle Juszczyk,1.7,,,0.0,,1.0,2.0,260,60.0
T.Badie,RB,4.777468204498291,9,2025,Tyler Badie,2.3666666666666667,,,0.0,,1.0,3.0,261,61.0
C.Brooks,RB,4.777453899383545,9,2025,Christopher Brooks,0.4000000000000001,,,0.0,,1.0,2.0,262,62.0
M.Heath,WR,4.762215328216553,9,2025,Malik Heath,4.166666666666666,,,0.0,Questionable,0.9,1.0,263,88.0
D.Duvernay,WR,4.759458541870117,8,2025,Devin Duvernay,3.2999999999999994,,,0.0,,1.0,3.0,264,89.0
T.Allgeier,RB,4.717250347137451,9,2025,Tyler Allgeier,7.266666666666667,,,2.0,,1.0,0.0,265,63.0
T.Tremble,TE,4.699466228485107,9,2025,Tommy Tremble,3.4333333333333336,,,0.0,,1.0,1.0,266,48.0
D.Douglas,WR,4.698394298553467,9,2025,Demario Douglas,8.833333333333334,,,0.0,,1.0,6.0,267,90.0
C.Edwards-Helaire,RB,4.641761779785156,9,2025,Clyde Edwards-Helaire,3.999999999999998,,,2.0,,1.0,0.0,268,64.0
T.Ferguson,TE,4.627588748931885,9,2025,Terrance Ferguson,4.4,,,0.0,,1.0,3.0,269,49.0
D.Vele,WR,4.626776695251465,8,2025,Devaughn Vele,4.3,,,0.0,,1.0,5.0,270,91.0
T.Brooks,RB,4.512869834899902,9,2025,Tahj Brooks,1.7000000000000002,,,1.0,,1.0,0.0,271,65.0
C.Kolar,TE,4.498114585876465,9,2025,Charlie Kolar,3.333333333333332,,,0.0,,1.0,2.0,272,50.0
T.Hudson,TE,4.492429304122925,9,2025,Tanner Hudson,5.000000000000002,,,0.0,Questionable,0.9,2.0,273,51.0
W.Shipley,RB,4.4837260246276855,8,2025,Will Shipley,1.0333333333333334,,,3.0,,1.0,0.0,274,66.0
J.Tolbert,WR,4.448920249938965,8,2025,Jalen Tolbert,1.4666666666666668,,,0.0,,1.0,2.0,275,92.0
R.Mostert,RB,4.440558910369873,9,2025,Dominique Mostert,0.9999999999999976,,,0.0,,1.0,1.0,276,67.0
B.Tremayne,WR,4.423405122756958,9,2025,Brycen Tremayne,4.0,,,0.0,Questionable,0.9,1.0,277,93.0
F.Moreau,TE,4.416830539703369,8,2025,Foster Moreau,7.566666666666666,,,0.0,,1.0,1.0,278,52.0
B.Tuten,RB,4.394317626953125,9,2025,Bhayshul Tuten,3.0333333333333337,,,9.0,,1.0,1.0,279,68.0
J.Bates,TE,4.392968654632568,9,2025,John Bates,2.1999999999999997,,,0.0,,1.0,4.0,280,53.0
T.Harris,WR,4.391776084899902,9,2025,Cleveland Harris,6.6000000000000005,,,0.0,,1.0,2.0,281,94.0
J.Thrash,WR,4.332345485687256,8,2025,Jamari Thrash,3.266666666666667,,,0.0,,1.0,3.0,282,95.0
A.Mitchell,WR,4.3174238204956055,9,2025,Adonai Mitchell,0.6,,,0.0,,1.0,1.0,283,96.0
M.Golden,WR,4.3047081470489506,9,2025,Matthew Golden,8.1,,,0.0,Questionable,0.9,3.0,284,97.0
A.Prentice,RB,4.302267551422119,9,2025,Adam Prentice,0.3666666666666667,,,1.0,,1.0,0.0,285,69.0
R.Davis,RB,4.29964542388916,8,2025,Re'Mahn Davis,3.433333333333333,,,9.0,,1.0,1.0,286,70.0
G.Helm,TE,4.269204139709473,9,2025,Gunnar Helm,7.133333333333333,,,0.0,,1.0,1.0,287,54.0
C.Rodriguez,RB,4.267454624176025,9,2025,Christopher Rodriguez,2.7,,,12.0,,1.0,0.0,288,71.0
J.Higgins,WR,4.2404961585998535,9,2025,Jayden Higgins,6.866666666666667,,,0.0,,1.0,1.0,289,98.0
V.Jefferson,WR,4.221482753753662,9,2025,Vanchii Jefferson,7.066666666666667,,,0.0,,1.0,4.0,290,99.0
L.Farrell,TE,4.220916271209717,9,2025,Luke Farrell,2.6333333333333333,,,0.0,,1.0,1.0,291,55.0
T.Wallace,WR,4.198680877685547,8,2025,Tylan Wallace,4.3,,,0.0,,1.0,1.0,292,100.0
J.Sanders,TE,4.198556900024414,9,2025,Ja'Tavion Sanders,2.6666666666666656,,,0.0,,1.0,1.0,293,56.0
A.Szmyt,K,4.106878757476807,8,2025,,7.0,,,,,1.0,,294,31.0
L.Musgrave,TE,4.0724053382873535,9,2025,Luke Musgrave,1.6000000000000003,,,0.0,,1.0,3.0,295,57.0
D.Singletary,RB,4.051402568817139,9,2025,Devin Singletary,1.6666666666666636,,,8.0,,1.0,2.0,296,72.0
X.Gipson,WR,4.030120372772217,8,2025,Xavier Gipson,1.3666666666666665,,,0.0,,1.0,1.0,297,101.0
X.Hutchinson,WR,4.017216682434082,9,2025,Xavier Hutchinson,12.333333333333334,,,0.0,,1.0,5.0,298,102.0
K.Williams,WR,4.015488624572754,9,2025,Kyle Williams,-0.0666666666666666,,,0.0,,1.0,1.0,299,103.0
C.Washington,WR,4.011868476867676,8,2025,Casey Washington,1.866666666666667,,,0.0,,1.0,1.0,300,104.0
S.Tucker,RB,3.9749550819396973,8,2025,Sean Tucker,4.333333333333333,,,12.0,,1.0,0.0,301,73.0
S.Moore,WR,3.9374241828918457,9,2025,Skyy Moore,0.8666666666666667,,,0.0,,1.0,1.0,302,105.0
C.White,WR,3.8815345764160156,9,2025,Cody White,4.066666666666666,,,0.0,,1.0,2.0,303,106.0
B.Skowronek,WR,3.880491256713867,8,2025,Ben Skowronek,4.5666666666666655,,,0.0,,1.0,1.0,304,107.0
A.Trautman,TE,3.8555052280426025,9,2025,Adam Trautman,5.766666666666667,,,0.0,,1.0,2.0,305,58.0
T.Burks,WR,3.8451058864593506,9,2025,Treylon Burks,2.066666666666668,,,0.0,,1.0,1.0,306,108.0
A.Dulin,WR,3.74491024017334,8,2025,Ashton Dulin,3.9333333333333336,,,0.0,,1.0,1.0,307,109.0
K.Hodge,WR,3.7129249572753906,8,2025,KhaDarel Hodge,1.766666666666666,,,0.0,,1.0,8.0,308,110.0
Ji.Horn,WR,3.6963469982147217,9,2025,Jimmy Horn,3.3666666666666667,,,1.0,,1.0,2.0,309,111.0
B.Spann-Ford,TE,3.682086229324341,8,2025,Brevyn Spann-Ford,0.8333333333333334,,,0.0,,1.0,1.0,310,59.0
M.Bandy,WR,3.664440631866455,9,2025,Michael Bandy,0.8333333333333334,,,0.0,,1.0,1.0,311,112.0
N.Miller-Hines,RB,3.6271586418151855,8,2025,Nyheim Miller-Hines,7.366666666666668,,,2.0,,1.0,0.0,312,74.0
D.Ogunbowale,RB,3.5696358680725098,9,2025,Oluwadare Ogunbowale,2.433333333333334,,,0.0,,1.0,1.0,313,75.0
A.Trammell,WR,3.494265079498291,9,2025,Austin Trammell,4.3,,,0.0,,1.0,1.0,314,113.0
D.Knox,TE,3.488605499267578,9,2025,Dawson Knox,4.966666666666667,,,0.0,,1.0,1.0,315,60.0
K.Lambert-Smith,WR,3.4785566568374633,9,2025,KeAndre Lambert-Smith,0.55,,,0.0,Questionable,0.9,1.0,316,114.0
B.Berrios,WR,3.4575817584991455,8,2025,Braxton Berrios,0.3000000000000012,,,0.0,,1.0,5.0,317,115.0
T.Goodson,RB,3.3869285583496094,9,2025,Tyler Goodson,0.6,,,0.0,,1.0,2.0,318,76.0
Ty.Johnson,RB,3.375551223754883,9,2025,Ty Johnson,1.0333333333333343,,,2.0,,1.0,2.0,319,77.0
T.Jones,WR,3.305704116821289,9,2025,Tim Jones,2.3666666666666667,,,0.0,,1.0,1.0,320,116.0
P.Bryant,WR,3.2965800762176514,9,2025,Patrick Bryant,5.933333333333334,,,0.0,,1.0,3.0,321,117.0
S.Williams,WR,3.2960201025009157,9,2025,Savion Williams,4.5,,,1.0,Questionable,0.9,2.0,322,118.0
H.Bryant,TE,3.290648174285889,9,2025,Harrison Bryant,0.4999999999999994,,,0.0,Questionable,0.9,2.0,323,61.0
E.Demercado,RB,3.284003257751465,9,2025,Emari Demercado,6.099999999999999,,,14.0,,1.0,1.0,324,78.0
A.Lazard,WR,3.262990713119507,8,2025,Allen Lazard,2.233333333333336,,,0.0,,1.0,2.0,325,119.0
A.Smith,WR,3.256535053253174,8,2025,Arian Smith,1.1333333333333335,,,0.0,,1.0,1.0,326,120.0
J.Ruckert,TE,3.252959966659546,8,2025,Jeremy Ruckert,3.0000000000000004,,,0.0,,1.0,1.0,327,62.0
B.Yurosek,TE,3.214904308319092,8,2025,Benjamin Yurosek,,,,0.0,,1.0,2.0,328,63.0
L.Allen,RB,3.213090658187866,9,2025,LeQuint Allen,1.7666666666666668,,,1.0,,1.0,1.0,329,79.0
H.Luepke,RB,3.2126009464263916,8,2025,Hunter Luepke,4.0,,,1.0,,1.0,0.0,330,80.0
G.Olszewski,WR,3.138275623321533,9,2025,Kaleb Olszewski,1.8,,,0.0,,1.0,1.0,331,121.0
J.Stoll,TE,3.1315429687500003,8,2025,Jack Stoll,3.9333333333333336,,,0.0,Questionable,0.9,1.0,332,64.0
A.Ingold,RB,3.0622293949127197,8,2025,Alec Ingold,2.2666666666666666,,,0.0,,1.0,1.0,333,81.0
J.Chestnut,RB,3.050532579421997,8,2025,Julius Chestnut,0.9666666666666665,,,2.0,,1.0,0.0,334,82.0
D.Sills,WR,3.034048318862915,9,2025,David Sills,2.266666666666667,,,0.0,,1.0,1.0,335,122.0
T.Fisk,TE,3.003743886947632,9,2025,Tucker Fisk,0.6,,,0.0,,1.0,1.0,336,65.0
K.Raymond,WR,2.9980883598327637,9,2025,Kalif Raymond,3.133333333333333,,,0.0,,1.0,1.0,337,123.0
D.Sampson,RB,2.9889163970947266,8,2025,Dylan Sampson,2.766666666666667,,,3.0,,1.0,6.0,338,83.0
C.Samuel,WR,2.967278003692627,9,2025,Curtis Samuel,8.23333333333333,,,0.0,,1.0,1.0,339,124.0
M.Davis,RB,2.837662935256958,9,2025,Malik Davis,3.466666666666667,,,1.0,,1.0,0.0,340,84.0
G.Holani,RB,2.8216960430145264,9,2025,George Holani,2.7,,,3.0,,1.0,0.0,341,85.0
K.Johnson,RB,2.7746100425720215,9,2025,Kaleb Johnson,1.2666666666666668,,,1.0,,1.0,1.0,342,86.0
A.Hooper,TE,2.762796401977539,9,2025,Austin Hooper,5.466666666666666,,,0.0,,1.0,1.0,343,66.0
D.Allen,TE,2.7317328453063965,9,2025,Davis Allen,2.5,,,0.0,,1.0,4.0,344,67.0
D.Neal,RB,2.7189748287200928,9,2025,Devin Neal,1.7,,,3.0,,1.0,1.0,345,87.0
M.Tinsley,WR,2.5797393321990967,9,2025,Mitchell Tinsley,3.4000000000000004,,,0.0,,1.0,2.0,346,125.0
J.Hawes,TE,2.467778444290161,9,2025,Jackson Hawes,4.5,,,0.0,,1.0,2.0,347,68.0
B.Brooks,RB,2.408616304397583,9,2025,British Brooks,0.85,,,2.0,,1.0,0.0,348,88.0
T.Horton,WR,2.328066825866699,9,2025,Tory Horton,4.3,,,0.0,Doubtful,0.5,4.0,349,126.0
E.Moore,WR,2.0430757999420166,9,2025,Elijah Moore,0.8000000000000013,,,0.0,,1.0,1.0,350,127.0
X.Smith,WR,1.962172508239746,9,2025,Xavier Smith,2.9,,,0.0,,1.0,3.0,351,128.0
B.Sinnott,TE,1.9202079772949219,8,2025,Ben Sinnott,1.5666666666666669,,,0.0,,1.0,1.0,352,69.0
J.FitzPatrick,TE,0.9754253029823303,8,2025,John FitzPatrick,4.0,,,0.0,,1.0,1.0,353,70.0
K.Fairbairn,K,0.0,9,2025,,11.666666666666666,,,,Out,0.0,,354,32.0
C.Stroud,QB,0.0,9,2025,Coleridge Stroud,21.38,,12.0,2.0,Out,0.0,,355,37.0
T.Kraft,TE,0.0,9,2025,Tucker Kraft,20.8,,,0.0,IR,0.0,3.0,356,71.0
B.Collins,WR,0.0,8,2025,Beaux Collins,0.8500000000000001,,,0.0,Out,0.0,2.0,357,129.0
T.McLaurin,WR,0.0,8,2025,Terry McLaurin,8.299999999999995,,,0.0,Out,0.0,4.0,358,129.0
K.Boutte,WR,0.0,9,2025,Kayshon Boutte,18.766666666666666,,,0.0,Out,0.0,1.0,359,129.0
D.Eskridge,WR,0.0,9,2025,D'Wayne Eskridge,2.7666666666666675,,,0.0,Out,0.0,1.0,360,129.0
I.Bond,WR,0.0,8,2025,Isaiah Bond,5.533333333333334,,,0.0,Out,0.0,4.0,361,129.0
B.Thomas,WR,0.0,9,2025,Brian Thomas,13.699999999999998,,,0.0,Out,0.0,5.0,362,129.0
D.Moore,WR,0.0,9,2025,Denniston Moore,9.333333333333329,,,1.0,IR,0.0,6.0,363,129.0
M.Mims,WR,0.0,8,2025,Marvin Mims,8.166666666666666,,,3.0,Out,0.0,1.0,364,129.0
L.McCaffrey,WR,0.0,8,2025,Luke McCaffrey,5.433333333333333,,,0.0,IR,0.0,3.0,365,129.0
C.Wentz,QB,0.0,8,2025,Carson Wentz,15.086666666666671,,32.0,0.0,IR,0.0,,366,37.0
N.Adkins,TE,0.0,8,2025,Nate Adkins,4.766666666666667,,,0.0,Out,0.0,1.0,367,71.0
J.Daniels,QB,0.0,9,2025,Jayden Daniels,20.17333333333333,,26.0,10.0,Out,0.0,,368,37.0
I.Pacheco,RB,0.0,8,2025,Isiah Pacheco,9.033333333333337,,,12.0,Out,0.0,0.0,369,89.0
S.Perine,RB,0.0,9,2025,Samaje Perine,8.433333333333337,,,1.0,Out,0.0,0.0,370,89.0
J.Wright,RB,0.0,8,2025,Jaylen Wright,1.0666666666666669,,,9.0,Out,0.0,1.0,371,89.0
J.Blue,RB,0.0,8,2025,Jaydon Blue,1.7000000000000002,,,8.0,Out,0.0,0.0,372,89.0
C.Skattebo,RB,0.0,8,2025,Cameron Skattebo,21.933333333333334,,,3.0,IR,0.0,2.0,373,89.0
R.Stevenson,RB,0.0,8,2025,Rhamondre Stevenson,11.766666666666667,,,14.0,Out,0.0,2.0,374,89.0
H.Long,TE,0.0,9,2025,Hunter Long,2.9333333333333336,,,0.0,Out,0.0,3.0,375,71.0
G.Gano,K,0.0,9,2025,,8.0,,,,Out,0.0,,376,32.0
